[
    {
        "createdAt": "2025-05-17T10:46:02.072Z",
        "fname": "sfsdf",
        "lname": "fdsf",
        "occupation_category": "healthcare",
        "occupation": "surgeon",
        "email": "dfgdfg@rgdrg",
        "password": "gfhfhfgh"
    },
    {
        "createdAt": "2025-05-17T10:48:27.889Z",
        "fname": "หกดห",
        "lname": "หกดห",
        "occupation_category": "computer",
        "occupation": "video-game-developer",
        "email": "sdfds@grgdg",
        "password": "dfgem34oit09t5j0"
    },
    {
        "createdAt": "2025-05-17T11:15:42.149Z",
        "fname": "dfigjdiogdf",
        "lname": "dfigjdfo",
        "occupation_category": "computer",
        "occupation": "computer-support-specialists",
        "email": "ttt@123",
        "password": "123"
    },
    {
        "createdAt": "2025-05-17T11:20:32.965Z",
        "fname": "thftgh",
        "lname": "dgfdfg",
        "occupation_category": "scientific",
        "occupation": "medical-scientist",
        "email": "ttt@1234",
        "password": "12345"
    },
    {
        "createdAt": "2025-05-17T11:26:50.041Z",
        "fname": "dfgdf",
        "lname": "dfdfgd",
        "occupation_category": "healthcare",
        "occupation": "sonographer",
        "email": "ttt@12345",
        "password": "fdgdfg"
    }
]